{"report": {"environment": {}, "tests": [], "summary": {"num_tests": 0, "duration": 0.9549860954284668}, "created_at": "2024-03-17 16:15:30.675343"}}